{
  "iters": [
    20,
    40,
    60,
    80,
    100,
    120,
    140,
    160,
    180,
    200,
    220,
    240,
    260,
    280,
    300,
    320,
    340,
    360,
    380,
    400,
    420,
    440,
    460,
    480,
    500,
    520,
    540,
    560,
    580,
    600,
    620,
    640,
    660,
    680,
    700,
    720,
    740,
    760,
    780,
    800,
    820,
    840,
    860,
    880,
    900,
    920,
    940,
    960,
    980,
    1000,
    1020,
    1040,
    1060,
    1080,
    1100,
    1120,
    1140,
    1160,
    1180,
    1200,
    1220,
    1240,
    1260,
    1280,
    1300,
    1320,
    1340,
    1360,
    1380,
    1400,
    1420,
    1440,
    1460,
    1480,
    1500,
    1520,
    1540,
    1560,
    1580,
    1600,
    1620,
    1640,
    1660,
    1680,
    1700,
    1720,
    1740,
    1760,
    1780,
    1800,
    1820,
    1840,
    1860,
    1880,
    1900,
    1920,
    1940,
    1960,
    1980,
    2000
  ],
  "train_psnr": [
    11.758600234985352,
    12.358781814575195,
    12.639151573181152,
    12.802377700805664,
    12.918702125549316,
    13.03172492980957,
    13.147939682006836,
    13.270484924316406,
    13.382781982421875,
    13.474824905395508,
    13.569427490234375,
    13.661002159118652,
    13.786419868469238,
    13.92691707611084,
    14.067005157470703,
    14.195123672485352,
    14.349727630615234,
    14.541170120239258,
    14.830709457397461,
    15.39250373840332,
    16.32624626159668,
    17.464672088623047,
    18.547670364379883,
    19.851396560668945,
    20.864154815673828,
    21.561344146728516,
    22.544727325439453,
    22.49863052368164,
    23.626853942871094,
    23.98577117919922,
    23.952163696289062,
    24.57705307006836,
    24.621782302856445,
    24.889240264892578,
    25.058135986328125,
    25.13568115234375,
    25.20241928100586,
    25.29179573059082,
    25.313520431518555,
    25.434268951416016,
    25.593486785888672,
    25.65404510498047,
    25.653715133666992,
    25.85039520263672,
    25.74127197265625,
    25.78700828552246,
    25.97897720336914,
    26.044607162475586,
    25.456241607666016,
    26.01886749267578,
    25.523042678833008,
    26.228736877441406,
    26.324909210205078,
    26.12961769104004,
    26.20668601989746,
    25.699508666992188,
    26.397750854492188,
    26.505523681640625,
    26.516645431518555,
    26.490259170532227,
    26.587173461914062,
    26.46629524230957,
    26.584320068359375,
    26.815183639526367,
    26.605329513549805,
    26.731609344482422,
    26.71075439453125,
    26.63949203491211,
    26.947826385498047,
    26.47173309326172,
    26.742094039916992,
    26.048694610595703,
    26.87816619873047,
    26.960472106933594,
    26.522884368896484,
    27.169845581054688,
    27.012929916381836,
    27.023738861083984,
    27.160932540893555,
    26.987478256225586,
    27.064916610717773,
    27.197256088256836,
    27.23749351501465,
    27.421358108520508,
    27.464096069335938,
    27.382930755615234,
    27.396095275878906,
    27.487619400024414,
    27.362377166748047,
    26.86258316040039,
    27.522483825683594,
    27.548564910888672,
    27.611055374145508,
    27.701093673706055,
    27.568408966064453,
    27.428314208984375,
    27.460590362548828,
    27.50106430053711,
    27.36220932006836,
    27.642385482788086
  ],
  "val_psnr": [
    11.712742805480957,
    12.366607666015625,
    12.668627738952637,
    12.836902618408203,
    12.961088180541992,
    13.08436393737793,
    13.206238746643066,
    13.319014549255371,
    13.428499221801758,
    13.523994445800781,
    13.621278762817383,
    13.715714454650879,
    13.832026481628418,
    13.9884033203125,
    14.131816864013672,
    14.262076377868652,
    14.415842056274414,
    14.612886428833008,
    14.904773712158203,
    15.472979545593262,
    16.42548179626465,
    17.56277847290039,
    18.69397735595703,
    19.983375549316406,
    20.984155654907227,
    21.671585083007812,
    22.64154052734375,
    22.635120391845703,
    23.76854705810547,
    24.12176513671875,
    24.043102264404297,
    24.613401412963867,
    24.83739471435547,
    24.994585037231445,
    25.182716369628906,
    25.24797821044922,
    25.33930015563965,
    25.388479232788086,
    25.441293716430664,
    25.524932861328125,
    25.57455825805664,
    25.654197692871094,
    25.75871467590332,
    25.886695861816406,
    25.809419631958008,
    25.888790130615234,
    25.951488494873047,
    26.004638671875,
    25.486772537231445,
    26.001169204711914,
    25.492984771728516,
    26.135517120361328,
    26.217784881591797,
    26.040525436401367,
    26.110544204711914,
    25.724031448364258,
    26.341411590576172,
    26.284889221191406,
    26.398860931396484,
    26.338565826416016,
    26.459129333496094,
    26.321304321289062,
    26.413747787475586,
    26.567588806152344,
    26.38404655456543,
    26.537700653076172,
    26.402902603149414,
    26.46683692932129,
    26.58645248413086,
    26.320192337036133,
    26.427518844604492,
    25.915555953979492,
    26.604225158691406,
    26.68999481201172,
    26.21525764465332,
    26.77394676208496,
    26.701679229736328,
    26.569833755493164,
    26.77427101135254,
    26.670686721801758,
    26.655075073242188,
    26.78076171875,
    26.875629425048828,
    26.920835494995117,
    26.952823638916016,
    27.009307861328125,
    26.94377899169922,
    26.920406341552734,
    26.85103988647461,
    26.581314086914062,
    27.020339965820312,
    27.033212661743164,
    27.033424377441406,
    27.08498764038086,
    27.108556747436523,
    26.90990447998047,
    27.00802993774414,
    27.005788803100586,
    26.892187118530273,
    27.143463134765625
  ],
  "config": {
    "image": "fox",
    "L": 10,
    "W": 512,
    "seed": 0,
    "iters": 2000,
    "batch_size": 10000,
    "lr": 0.001
  },
  "H": 689,
  "W": 1024
}