{
  "iters": [
    20,
    40,
    60,
    80,
    100,
    120,
    140,
    160,
    180,
    200,
    220,
    240,
    260,
    280,
    300,
    320,
    340,
    360,
    380,
    400,
    420,
    440,
    460,
    480,
    500,
    520,
    540,
    560,
    580,
    600,
    620,
    640,
    660,
    680,
    700,
    720,
    740,
    760,
    780,
    800,
    820,
    840,
    860,
    880,
    900,
    920,
    940,
    960,
    980,
    1000
  ],
  "train_psnr": [
    10.368476867675781,
    10.722696304321289,
    11.07383918762207,
    11.395334243774414,
    11.731152534484863,
    12.085227012634277,
    12.453356742858887,
    12.83349609375,
    13.187189102172852,
    13.532971382141113,
    13.897119522094727,
    14.230627059936523,
    14.59936237335205,
    14.919408798217773,
    15.283151626586914,
    15.682502746582031,
    16.08101463317871,
    16.40361976623535,
    16.795835494995117,
    17.16327667236328,
    17.507944107055664,
    17.846967697143555,
    18.100921630859375,
    18.365524291992188,
    18.528026580810547,
    18.74285888671875,
    18.859954833984375,
    19.106945037841797,
    19.23126983642578,
    19.34081268310547,
    19.350555419921875,
    19.576690673828125,
    19.662540435791016,
    19.7415714263916,
    19.83222770690918,
    19.869070053100586,
    19.911575317382812,
    19.926136016845703,
    19.8786678314209,
    20.052711486816406,
    20.156635284423828,
    20.112281799316406,
    20.01947021484375,
    20.19485855102539,
    20.26584243774414,
    20.25312042236328,
    20.20439338684082,
    20.263099670410156,
    20.189220428466797,
    20.377487182617188
  ],
  "val_psnr": [
    10.347355842590332,
    10.700603485107422,
    11.038854598999023,
    11.350168228149414,
    11.68988037109375,
    12.033418655395508,
    12.390999794006348,
    12.74261474609375,
    13.109488487243652,
    13.457469940185547,
    13.805893898010254,
    14.143399238586426,
    14.49001407623291,
    14.823007583618164,
    15.169507026672363,
    15.531073570251465,
    15.927786827087402,
    16.254087448120117,
    16.596834182739258,
    16.98039436340332,
    17.31106185913086,
    17.61066246032715,
    17.85306167602539,
    18.12347984313965,
    18.255889892578125,
    18.469791412353516,
    18.612646102905273,
    18.83552360534668,
    18.949928283691406,
    19.05234146118164,
    19.055631637573242,
    19.28707504272461,
    19.345352172851562,
    19.450666427612305,
    19.523326873779297,
    19.54874610900879,
    19.596364974975586,
    19.630504608154297,
    19.621227264404297,
    19.746400833129883,
    19.82790756225586,
    19.788846969604492,
    19.740707397460938,
    19.91214370727539,
    19.96808433532715,
    19.965646743774414,
    19.912654876708984,
    19.946773529052734,
    19.912405014038086,
    20.09019660949707
  ],
  "config": {
    "image": "fox",
    "L": 4,
    "W": 128,
    "seed": 0,
    "iters": 1000,
    "batch_size": 10000,
    "lr": 0.001
  },
  "H": 689,
  "W": 1024
}