{
  "iters": [
    20,
    40,
    60,
    80,
    100,
    120,
    140,
    160,
    180,
    200,
    220,
    240,
    260,
    280,
    300,
    320,
    340,
    360,
    380,
    400,
    420,
    440,
    460,
    480,
    500,
    520,
    540,
    560,
    580,
    600,
    620,
    640,
    660,
    680,
    700,
    720,
    740,
    760,
    780,
    800,
    820,
    840,
    860,
    880,
    900,
    920,
    940,
    960,
    980,
    1000,
    1020,
    1040,
    1060,
    1080,
    1100,
    1120,
    1140,
    1160,
    1180,
    1200,
    1220,
    1240,
    1260,
    1280,
    1300,
    1320,
    1340,
    1360,
    1380,
    1400,
    1420,
    1440,
    1460,
    1480,
    1500,
    1520,
    1540,
    1560,
    1580,
    1600,
    1620,
    1640,
    1660,
    1680,
    1700,
    1720,
    1740,
    1760,
    1780,
    1800,
    1820,
    1840,
    1860,
    1880,
    1900,
    1920,
    1940,
    1960,
    1980,
    2000
  ],
  "train_psnr": [
    10.79979133605957,
    11.072315216064453,
    11.276740074157715,
    11.74079704284668,
    12.394190788269043,
    12.847577095031738,
    13.217453002929688,
    13.467741966247559,
    13.670234680175781,
    13.837204933166504,
    13.981195449829102,
    14.11411190032959,
    14.199701309204102,
    14.281213760375977,
    14.366416931152344,
    14.411651611328125,
    14.463430404663086,
    14.489057540893555,
    14.554553031921387,
    14.562284469604492,
    14.54660415649414,
    14.608382225036621,
    14.65261459350586,
    14.664262771606445,
    14.71527099609375,
    14.715982437133789,
    14.70911979675293,
    14.761448860168457,
    14.781957626342773,
    14.792990684509277,
    14.787841796875,
    14.782137870788574,
    14.842065811157227,
    14.795604705810547,
    14.792457580566406,
    14.849238395690918,
    14.858874320983887,
    14.749227523803711,
    14.904356002807617,
    14.91065502166748,
    14.857712745666504,
    14.914474487304688,
    14.882688522338867,
    14.92837905883789,
    14.898394584655762,
    14.910430908203125,
    14.974967002868652,
    14.92620849609375,
    14.978228569030762,
    14.957021713256836,
    14.963241577148438,
    15.016456604003906,
    14.990578651428223,
    15.010088920593262,
    14.993827819824219,
    14.972551345825195,
    14.951629638671875,
    14.94028091430664,
    15.08697509765625,
    15.074325561523438,
    15.017680168151855,
    15.047799110412598,
    15.075620651245117,
    15.00862979888916,
    15.119357109069824,
    15.075838088989258,
    15.072919845581055,
    14.994783401489258,
    15.080917358398438,
    15.034582138061523,
    14.929021835327148,
    15.130516052246094,
    15.111102104187012,
    15.086812973022461,
    15.13752555847168,
    15.084022521972656,
    15.106870651245117,
    15.152082443237305,
    15.158434867858887,
    15.119735717773438,
    15.150535583496094,
    15.130600929260254,
    15.160670280456543,
    15.080634117126465,
    15.189433097839355,
    15.147075653076172,
    15.214003562927246,
    15.195075035095215,
    15.152892112731934,
    15.18384838104248,
    15.191845893859863,
    15.215106964111328,
    15.105132102966309,
    15.206488609313965,
    15.152054786682129,
    15.205925941467285,
    15.222097396850586,
    15.220431327819824,
    15.23012924194336,
    15.25327205657959
  ],
  "val_psnr": [
    10.860920906066895,
    11.125165939331055,
    11.335321426391602,
    11.799248695373535,
    12.41543197631836,
    12.842771530151367,
    13.182496070861816,
    13.415729522705078,
    13.59748649597168,
    13.784795761108398,
    13.925057411193848,
    14.041327476501465,
    14.135059356689453,
    14.18160343170166,
    14.273890495300293,
    14.340555191040039,
    14.386998176574707,
    14.402023315429688,
    14.462528228759766,
    14.495087623596191,
    14.477617263793945,
    14.5361328125,
    14.56302547454834,
    14.599794387817383,
    14.623315811157227,
    14.637160301208496,
    14.642430305480957,
    14.673491477966309,
    14.69568157196045,
    14.713367462158203,
    14.72540283203125,
    14.728974342346191,
    14.749282836914062,
    14.740402221679688,
    14.717180252075195,
    14.751053810119629,
    14.794054985046387,
    14.689160346984863,
    14.823321342468262,
    14.837427139282227,
    14.808259010314941,
    14.846202850341797,
    14.821290969848633,
    14.855570793151855,
    14.857916831970215,
    14.849471092224121,
    14.902268409729004,
    14.84939956665039,
    14.911048889160156,
    14.906265258789062,
    14.915779113769531,
    14.935197830200195,
    14.932024002075195,
    14.949075698852539,
    14.943758010864258,
    14.910636901855469,
    14.874955177307129,
    14.91092586517334,
    14.985613822937012,
    15.012523651123047,
    14.967523574829102,
    15.003504753112793,
    14.99463939666748,
    14.954567909240723,
    15.037229537963867,
    15.014704704284668,
    15.001863479614258,
    14.9312744140625,
    15.035561561584473,
    14.982123374938965,
    14.871201515197754,
    15.077666282653809,
    15.075517654418945,
    15.058722496032715,
    15.102676391601562,
    15.064451217651367,
    15.07890796661377,
    15.089340209960938,
    15.115255355834961,
    15.082541465759277,
    15.109862327575684,
    15.100692749023438,
    15.096376419067383,
    15.032644271850586,
    15.140970230102539,
    15.152595520019531,
    15.164688110351562,
    15.122245788574219,
    15.151521682739258,
    15.148286819458008,
    15.186880111694336,
    15.177553176879883,
    15.109081268310547,
    15.167364120483398,
    15.097570419311523,
    15.2105131149292,
    15.211352348327637,
    15.192790985107422,
    15.182044982910156,
    15.218571662902832
  ],
  "config": {
    "image": "hammock",
    "L": 4,
    "W": 128,
    "seed": 0,
    "iters": 2000,
    "batch_size": 10000,
    "lr": 0.001
  },
  "H": 908,
  "W": 1210
}