{
  "iters": [
    20,
    40,
    60,
    80,
    100,
    120,
    140,
    160,
    180,
    200,
    220,
    240,
    260,
    280,
    300,
    320,
    340,
    360,
    380,
    400,
    420,
    440,
    460,
    480,
    500,
    520,
    540,
    560,
    580,
    600,
    620,
    640,
    660,
    680,
    700,
    720,
    740,
    760,
    780,
    800,
    820,
    840,
    860,
    880,
    900,
    920,
    940,
    960,
    980,
    1000,
    1020,
    1040,
    1060,
    1080,
    1100,
    1120,
    1140,
    1160,
    1180,
    1200,
    1220,
    1240,
    1260,
    1280,
    1300,
    1320,
    1340,
    1360,
    1380,
    1400,
    1420,
    1440,
    1460,
    1480,
    1500,
    1520,
    1540,
    1560,
    1580,
    1600,
    1620,
    1640,
    1660,
    1680,
    1700,
    1720,
    1740,
    1760,
    1780,
    1800,
    1820,
    1840,
    1860,
    1880,
    1900,
    1920,
    1940,
    1960,
    1980,
    2000
  ],
  "train_psnr": [
    9.379770278930664,
    10.367347717285156,
    10.723426818847656,
    11.241653442382812,
    11.672906875610352,
    11.91736125946045,
    12.111163139343262,
    12.304752349853516,
    12.478206634521484,
    12.666099548339844,
    12.915063858032227,
    13.171815872192383,
    13.396425247192383,
    13.737441062927246,
    14.042840003967285,
    14.257954597473145,
    14.51368522644043,
    14.602212905883789,
    14.75786304473877,
    14.769781112670898,
    14.954549789428711,
    14.992212295532227,
    15.087268829345703,
    15.228399276733398,
    15.29916000366211,
    15.245285987854004,
    15.415628433227539,
    15.445786476135254,
    15.498614311218262,
    15.546030044555664,
    15.635749816894531,
    15.69741153717041,
    15.714813232421875,
    15.626117706298828,
    15.827884674072266,
    15.856550216674805,
    15.952859878540039,
    16.057668685913086,
    16.027549743652344,
    16.09041976928711,
    16.140844345092773,
    16.1838321685791,
    16.204282760620117,
    16.190845489501953,
    16.179779052734375,
    16.22103500366211,
    16.461870193481445,
    16.318098068237305,
    16.522319793701172,
    16.49244499206543,
    16.584087371826172,
    16.55467987060547,
    16.652389526367188,
    16.60230255126953,
    16.665546417236328,
    16.689804077148438,
    16.666276931762695,
    16.72172737121582,
    16.832378387451172,
    16.927915573120117,
    16.83369255065918,
    17.012447357177734,
    16.851606369018555,
    16.962352752685547,
    17.022804260253906,
    17.10710334777832,
    17.073457717895508,
    17.17121124267578,
    17.148590087890625,
    17.198457717895508,
    17.214704513549805,
    17.1207275390625,
    17.251094818115234,
    17.323694229125977,
    17.291444778442383,
    17.22344970703125,
    17.46034812927246,
    17.306636810302734,
    17.395782470703125,
    17.462039947509766,
    17.410676956176758,
    17.55112075805664,
    17.426259994506836,
    17.12339210510254,
    17.70792007446289,
    17.602153778076172,
    17.65373992919922,
    17.628992080688477,
    17.6687068939209,
    17.535015106201172,
    17.73187255859375,
    17.637784957885742,
    17.495010375976562,
    17.658245086669922,
    17.878759384155273,
    17.782665252685547,
    17.73190689086914,
    17.893768310546875,
    17.907548904418945,
    17.897584915161133
  ],
  "val_psnr": [
    9.38271713256836,
    10.416238784790039,
    10.778297424316406,
    11.264100074768066,
    11.656927108764648,
    11.88644027709961,
    12.092509269714355,
    12.280989646911621,
    12.44299030303955,
    12.685171127319336,
    12.89802360534668,
    13.180656433105469,
    13.4202241897583,
    13.756673812866211,
    14.038262367248535,
    14.311138153076172,
    14.525577545166016,
    14.590197563171387,
    14.7796049118042,
    14.793241500854492,
    14.945253372192383,
    14.992620468139648,
    15.093805313110352,
    15.18147087097168,
    15.26723861694336,
    15.256275177001953,
    15.39680004119873,
    15.439581871032715,
    15.509502410888672,
    15.548151969909668,
    15.59164047241211,
    15.661269187927246,
    15.710092544555664,
    15.591867446899414,
    15.780641555786133,
    15.805818557739258,
    15.882768630981445,
    15.959718704223633,
    15.90493106842041,
    16.02831268310547,
    16.05107307434082,
    16.08570671081543,
    16.088773727416992,
    16.035327911376953,
    16.065717697143555,
    16.125009536743164,
    16.277069091796875,
    16.21453094482422,
    16.36296272277832,
    16.31539535522461,
    16.378313064575195,
    16.412769317626953,
    16.453033447265625,
    16.429061889648438,
    16.500015258789062,
    16.475133895874023,
    16.49246597290039,
    16.563684463500977,
    16.61069679260254,
    16.675525665283203,
    16.65781021118164,
    16.707355499267578,
    16.636606216430664,
    16.758953094482422,
    16.80341911315918,
    16.756162643432617,
    16.811607360839844,
    16.8417911529541,
    16.80561065673828,
    16.887845993041992,
    16.886001586914062,
    16.83028221130371,
    16.922138214111328,
    16.95745849609375,
    16.899734497070312,
    16.982769012451172,
    16.97823715209961,
    16.92097282409668,
    17.0107364654541,
    17.066057205200195,
    16.966907501220703,
    17.075960159301758,
    17.061813354492188,
    16.707656860351562,
    17.128870010375977,
    17.07569122314453,
    17.155044555664062,
    17.203563690185547,
    17.200389862060547,
    17.034223556518555,
    17.24628257751465,
    17.163469314575195,
    17.05807113647461,
    17.183338165283203,
    17.335622787475586,
    17.272865295410156,
    17.225353240966797,
    17.29703140258789,
    17.41083526611328,
    17.340267181396484
  ],
  "config": {
    "image": "hammock",
    "L": 10,
    "W": 512,
    "seed": 0,
    "iters": 2000,
    "batch_size": 10000,
    "lr": 0.001
  },
  "H": 908,
  "W": 1210
}