{
  "iters": [
    20,
    40,
    60,
    80,
    100
  ],
  "train_psnr": [
    11.59693717956543,
    12.895813941955566,
    14.264898300170898,
    15.362950325012207,
    16.358430862426758
  ],
  "val_psnr": [
    11.570502281188965,
    12.825611114501953,
    14.211535453796387,
    15.304509162902832,
    16.28098487854004
  ],
  "config": {
    "image": "fox",
    "L": 4,
    "W": 512,
    "seed": 0,
    "iters": 100,
    "batch_size": 10000,
    "lr": 0.001
  },
  "H": 689,
  "W": 1024
}