{
  "iters": [
    20,
    40,
    60,
    80,
    100
  ],
  "train_psnr": [
    10.77025318145752,
    11.597899436950684,
    12.729964256286621,
    13.481584548950195,
    14.23305606842041
  ],
  "val_psnr": [
    10.756149291992188,
    11.587896347045898,
    12.699484825134277,
    13.425293922424316,
    14.111079216003418
  ],
  "config": {
    "image": "fox",
    "L": 4,
    "W": 128,
    "seed": 0,
    "iters": 100,
    "batch_size": 10000,
    "lr": 0.001
  },
  "H": 689,
  "W": 1024
}