{
  "board_spec": {
    "rows": 3,
    "cols": 2,
    "tag_size_mm": 60.0,
    "dx_mm": 90.0,
    "dy_mm": 75.67
  },
  "image_size_wh": [
    4032,
    3024
  ],
  "K": [
    [
      3207.901375096334,
      0.0,
      2166.735372594666
    ],
    [
      0.0,
      3206.935690885815,
      1372.4544773954722
    ],
    [
      0.0,
      0.0,
      1.0
    ]
  ],
  "dist": [
    [
      0.30334898402784705,
      -1.7059464953886512,
      -0.020945619012104802,
      0.027915093199724843,
      2.431193574342
    ]
  ],
  "rms": 3.320751838900611,
  "per_image_err": [
    1.9669259786605835,
    2.2497315406799316,
    1.5618544816970825,
    2.3227169513702393,
    2.06912899017334,
    1.7992258071899414,
    1.9135128259658813,
    2.0870416164398193,
    2.2345101833343506,
    1.8039789199829102,
    1.2964147329330444,
    4.353001117706299,
    1.8569539785385132,
    1.6127344369888306,
    2.4639711380004883,
    1.7758983373641968,
    2.258169174194336,
    1.7010955810546875,
    1.544172763824463,
    1.4421905279159546,
    2.308069944381714,
    5.481350421905518,
    4.678807258605957,
    3.763960599899292,
    1.8383105993270874,
    3.1945180892944336,
    3.293499231338501,
    4.689799785614014,
    1.909610390663147,
    2.609351873397827,
    2.575417995452881,
    2.5743966102600098,
    2.148320198059082,
    4.050644397735596,
    3.488050699234009,
    4.842039108276367,
    4.990989685058594,
    3.4167187213897705
  ],
  "used_images": [
    "1.jpg",
    "2.jpg",
    "3.jpg",
    "4.jpg",
    "5.jpg",
    "6.jpg",
    "7.jpg",
    "8.jpg",
    "9.jpg",
    "10.jpg",
    "11.jpg",
    "12.jpg",
    "13.jpg",
    "14.jpg",
    "15.jpg",
    "16.jpg",
    "17.jpg",
    "18.jpg",
    "19.jpg",
    "20.jpg",
    "21.jpg",
    "24.jpg",
    "25.jpg",
    "28.jpg",
    "29.jpg",
    "30.jpg",
    "31.jpg",
    "32.jpg",
    "33.jpg",
    "34.jpg",
    "35.jpg",
    "36.jpg",
    "37.jpg",
    "38.jpg",
    "39.jpg",
    "40.jpg",
    "41.jpg",
    "42.jpg"
  ],
  "rvecs": [
    [
      [
        -0.9454858030330637
      ],
      [
        -0.24082759935675752
      ],
      [
        0.5469528195560035
      ]
    ],
    [
      [
        -0.6551665093861017
      ],
      [
        -0.5080632686719022
      ],
      [
        0.4425976662857124
      ]
    ],
    [
      [
        -0.5072870967058842
      ],
      [
        -0.6588837270828943
      ],
      [
        -0.4521284341477609
      ]
    ],
    [
      [
        -0.29168388832488196
      ],
      [
        -0.7224452592512656
      ],
      [
        -0.9763517860978045
      ]
    ],
    [
      [
        -0.19784042382078398
      ],
      [
        -0.6868764476841761
      ],
      [
        -1.1534414000295334
      ]
    ],
    [
      [
        -0.31436570465395963
      ],
      [
        -0.9003279240964019
      ],
      [
        -2.086079624308135
      ]
    ],
    [
      [
        -0.36051704093347137
      ],
      [
        -0.8612951227524822
      ],
      [
        -2.6632905328915046
      ]
    ],
    [
      [
        0.046548498365362984
      ],
      [
        0.776530585135461
      ],
      [
        2.7108471464718304
      ]
    ],
    [
      [
        -0.64826612929117
      ],
      [
        0.8979261535539995
      ],
      [
        2.1750557272518387
      ]
    ],
    [
      [
        -0.7796042094969615
      ],
      [
        0.6058491649870431
      ],
      [
        1.8934014431461954
      ]
    ],
    [
      [
        -0.6072293063618442
      ],
      [
        0.4623254974933059
      ],
      [
        1.2093051915839628
      ]
    ],
    [
      [
        -0.6115359799207991
      ],
      [
        0.24459407797672925
      ],
      [
        0.8619471736449772
      ]
    ],
    [
      [
        -0.6288135623600399
      ],
      [
        0.18887229874169817
      ],
      [
        0.8151314970261492
      ]
    ],
    [
      [
        -0.6006565034657535
      ],
      [
        0.1344874392902513
      ],
      [
        -0.2857130313804119
      ]
    ],
    [
      [
        -0.5568497624063138
      ],
      [
        0.05252132560466979
      ],
      [
        0.20212924859747555
      ]
    ],
    [
      [
        -0.4777859304838817
      ],
      [
        -0.20947993958041353
      ],
      [
        -0.3815868781371898
      ]
    ],
    [
      [
        -0.3070130201128847
      ],
      [
        -0.49070589115071034
      ],
      [
        -0.8935458884310394
      ]
    ],
    [
      [
        -0.16716117451998735
      ],
      [
        -0.6440693083255764
      ],
      [
        -1.6985655314562542
      ]
    ],
    [
      [
        -0.04620441923536877
      ],
      [
        -0.7942666697749095
      ],
      [
        -2.2189484006277214
      ]
    ],
    [
      [
        -0.07597712729869265
      ],
      [
        -0.5558492337728113
      ],
      [
        -2.1325225635597507
      ]
    ],
    [
      [
        -0.3044517100610398
      ],
      [
        -0.580815551220069
      ],
      [
        -2.0160331150078967
      ]
    ],
    [
      [
        -0.9909964804068571
      ],
      [
        0.41001581507400514
      ],
      [
        1.325916550173552
      ]
    ],
    [
      [
        -0.822214188217506
      ],
      [
        0.6514270940111105
      ],
      [
        1.5707104072791753
      ]
    ],
    [
      [
        -0.6460974897134104
      ],
      [
        -0.24316407077813532
      ],
      [
        1.8188552460655023
      ]
    ],
    [
      [
        -0.6626831707373452
      ],
      [
        -0.34537390730383616
      ],
      [
        1.4898110858340128
      ]
    ],
    [
      [
        -0.7121848864931959
      ],
      [
        0.04654145016581411
      ],
      [
        0.09652918741098267
      ]
    ],
    [
      [
        -0.6235780894651827
      ],
      [
        -0.5169965287820921
      ],
      [
        -1.1994495945000399
      ]
    ],
    [
      [
        -0.7748838250572084
      ],
      [
        -0.6838050888155642
      ],
      [
        -1.3597169090819676
      ]
    ],
    [
      [
        -0.6060190713106993
      ],
      [
        -0.4120823506311547
      ],
      [
        -1.4324147978634307
      ]
    ],
    [
      [
        -0.4947334556243504
      ],
      [
        0.11212210979028672
      ],
      [
        -1.475093604164338
      ]
    ],
    [
      [
        0.25549718010529865
      ],
      [
        -0.814589955745204
      ],
      [
        -1.3963157850397825
      ]
    ],
    [
      [
        -0.056213803135827196
      ],
      [
        -0.4707024847349633
      ],
      [
        -1.5604533563466718
      ]
    ],
    [
      [
        -0.3001246222252131
      ],
      [
        -0.3107372342329211
      ],
      [
        -1.791601476822042
      ]
    ],
    [
      [
        -0.4615262109626134
      ],
      [
        -0.786531766445995
      ],
      [
        -2.3088193497697076
      ]
    ],
    [
      [
        -0.613902674065275
      ],
      [
        0.3996493974106847
      ],
      [
        1.1145510418351459
      ]
    ],
    [
      [
        -0.8194843528312953
      ],
      [
        0.8561617031398562
      ],
      [
        1.975286832555202
      ]
    ],
    [
      [
        -0.49535420662644447
      ],
      [
        1.0075027053975265
      ],
      [
        2.118589752051091
      ]
    ],
    [
      [
        -0.8737771958483372
      ],
      [
        0.27679575077069085
      ],
      [
        2.7163065019800614
      ]
    ]
  ],