{
  "iters": [
    20,
    40,
    60,
    80,
    100,
    120,
    140,
    160,
    180,
    200,
    220,
    240,
    260,
    280,
    300,
    320,
    340,
    360,
    380,
    400,
    420,
    440,
    460,
    480,
    500,
    520,
    540,
    560,
    580,
    600,
    620,
    640,
    660,
    680,
    700,
    720,
    740,
    760,
    780,
    800,
    820,
    840,
    860,
    880,
    900,
    920,
    940,
    960,
    980,
    1000,
    1020,
    1040,
    1060,
    1080,
    1100,
    1120,
    1140,
    1160,
    1180,
    1200,
    1220,
    1240,
    1260,
    1280,
    1300,
    1320,
    1340,
    1360,
    1380,
    1400,
    1420,
    1440,
    1460,
    1480,
    1500,
    1520,
    1540,
    1560,
    1580,
    1600,
    1620,
    1640,
    1660,
    1680,
    1700,
    1720,
    1740,
    1760,
    1780,
    1800,
    1820,
    1840,
    1860,
    1880,
    1900,
    1920,
    1940,
    1960,
    1980,
    2000
  ],
  "train_psnr": [
    11.212486267089844,
    11.479521751403809,
    11.772774696350098,
    11.9923677444458,
    12.179759979248047,
    12.338896751403809,
    12.476070404052734,
    12.599186897277832,
    12.696603775024414,
    12.807058334350586,
    12.915955543518066,
    13.010917663574219,
    13.108837127685547,
    13.202892303466797,
    13.278388023376465,
    13.382877349853516,
    13.45882797241211,
    13.568282127380371,
    13.645955085754395,
    13.737610816955566,
    13.82375717163086,
    13.908323287963867,
    13.993081092834473,
    14.092673301696777,
    14.183563232421875,
    14.228071212768555,
    14.322149276733398,
    14.447717666625977,
    14.53174114227295,
    14.648658752441406,
    14.752519607543945,
    14.840556144714355,
    15.015591621398926,
    15.09762191772461,
    15.273628234863281,
    15.35545825958252,
    15.421805381774902,
    15.515608787536621,
    15.618535995483398,
    15.608007431030273,
    15.703323364257812,
    15.673469543457031,
    15.784603118896484,
    15.826539993286133,
    15.814495086669922,
    15.873868942260742,
    15.940399169921875,
    15.915433883666992,
    15.962409019470215,
    15.950030326843262,
    15.944524765014648,
    15.999576568603516,
    16.046707153320312,
    16.111480712890625,
    16.0040283203125,
    16.12510108947754,
    16.151403427124023,
    15.940967559814453,
    16.109973907470703,
    16.160526275634766,
    16.18940544128418,
    16.239377975463867,
    16.257469177246094,
    16.283586502075195,
    16.222755432128906,
    16.340911865234375,
    16.28415870666504,
    16.27404022216797,
    16.31149673461914,
    16.296236038208008,
    16.217010498046875,
    16.42930793762207,
    16.452369689941406,
    16.391109466552734,
    16.42257308959961,
    16.511455535888672,
    16.49529457092285,
    16.434310913085938,
    16.45870018005371,
    16.56888771057129,
    16.580833435058594,
    16.47830581665039,
    16.552085876464844,
    16.573726654052734,
    16.610546112060547,
    16.620559692382812,
    16.544536590576172,
    16.618186950683594,
    16.63019561767578,
    16.68781089782715,
    16.63882064819336,
    16.600353240966797,
    16.64874267578125,
    16.741769790649414,
    16.748981475830078,
    16.6650390625,
    16.739904403686523,
    16.768699645996094,
    16.764598846435547,
    16.680660247802734
  ],
  "val_psnr": [
    11.28404426574707,
    11.55970573425293,
    11.852370262145996,
    12.061344146728516,
    12.24333381652832,
    12.406150817871094,
    12.54604721069336,
    12.66868782043457,
    12.768360137939453,
    12.88358211517334,
    12.992622375488281,
    13.093269348144531,
    13.195904731750488,
    13.289958953857422,
    13.371292114257812,
    13.472517967224121,
    13.54841136932373,
    13.642777442932129,
    13.729659080505371,
    13.822646141052246,
    13.897100448608398,
    13.981473922729492,
    14.058905601501465,
    14.155366897583008,
    14.240901947021484,
    14.299941062927246,
    14.391554832458496,
    14.50992488861084,
    14.593585968017578,
    14.684887886047363,
    14.783793449401855,
    14.878236770629883,
    15.041531562805176,
    15.148606300354004,
    15.301179885864258,
    15.379308700561523,
    15.464851379394531,
    15.535984992980957,
    15.621397018432617,
    15.665102005004883,
    15.732365608215332,
    15.680647850036621,
    15.797355651855469,
    15.827598571777344,
    15.802433013916016,
    15.88279914855957,
    15.92282485961914,
    15.927913665771484,
    15.960268020629883,
    15.928763389587402,
    15.982423782348633,
    16.012603759765625,
    16.044023513793945,
    16.068695068359375,
    16.05670738220215,
    16.115137100219727,
    16.13198471069336,
    16.007116317749023,
    16.116426467895508,
    16.117969512939453,
    16.194194793701172,
    16.235301971435547,
    16.23440933227539,
    16.252788543701172,
    16.235498428344727,
    16.287757873535156,
    16.267105102539062,
    16.249008178710938,
    16.29242515563965,
    16.266929626464844,
    16.191524505615234,
    16.373926162719727,
    16.40119743347168,
    16.42340850830078,
    16.390596389770508,
    16.43355941772461,
    16.431320190429688,
    16.42127799987793,
    16.454708099365234,
    16.481159210205078,
    16.50446128845215,
    16.4346866607666,
    16.508481979370117,
    16.49966049194336,
    16.505910873413086,
    16.551280975341797,
    16.508731842041016,
    16.58041763305664,
    16.593551635742188,
    16.616451263427734,
    16.617366790771484,
    16.571903228759766,
    16.624481201171875,
    16.61513900756836,
    16.66624641418457,
    16.624309539794922,
    16.681007385253906,
    16.668106079101562,
    16.698305130004883,
    16.59996795654297
  ],
  "config": {
    "image": "hammock",
    "L": 10,
    "W": 128,
    "seed": 0,
    "iters": 2000,
    "batch_size": 10000,
    "lr": 0.001
  },
  "H": 908,
  "W": 1210
}