{
  "iters": [
    50,
    100,
    150,
    200,
    250,
    300,
    350,
    400,
    450,
    500
  ],
  "train_psnr": [
    11.076469421386719,
    10.567058563232422,
    10.764622688293457,
    10.326702117919922,
    10.666913032531738,
    10.723837852478027,
    10.880578994750977,
    10.887115478515625,
    10.446788787841797,
    10.795337677001953
  ],
  "val_psnr": [
    11.16979706287384,
    11.077850818634033
  ]
}