{
  "iters": [
    20,
    40,
    60,
    80,
    100,
    120,
    140,
    160,
    180,
    200,
    220,
    240,
    260,
    280,
    300,
    320,
    340,
    360,
    380,
    400,
    420,
    440,
    460,
    480,
    500,
    520,
    540,
    560,
    580,
    600,
    620,
    640,
    660,
    680,
    700,
    720,
    740,
    760,
    780,
    800,
    820,
    840,
    860,
    880,
    900,
    920,
    940,
    960,
    980,
    1000,
    1020,
    1040,
    1060,
    1080,
    1100,
    1120,
    1140,
    1160,
    1180,
    1200,
    1220,
    1240,
    1260,
    1280,
    1300,
    1320,
    1340,
    1360,
    1380,
    1400,
    1420,
    1440,
    1460,
    1480,
    1500,
    1520,
    1540,
    1560,
    1580,
    1600,
    1620,
    1640,
    1660,
    1680,
    1700,
    1720,
    1740,
    1760,
    1780,
    1800,
    1820,
    1840,
    1860,
    1880,
    1900,
    1920,
    1940,
    1960,
    1980,
    2000
  ],
  "train_psnr": [
    9.390298843383789,
    9.505208015441895,
    9.604470252990723,
    9.693360328674316,
    9.776388168334961,
    9.864212036132812,
    9.941826820373535,
    10.025715827941895,
    10.096536636352539,
    10.189448356628418,
    10.273036003112793,
    10.342978477478027,
    10.425562858581543,
    10.507503509521484,
    10.588549613952637,
    10.663786888122559,
    10.74559211730957,
    10.816363334655762,
    10.885932922363281,
    10.960794448852539,
    11.033744812011719,
    11.108943939208984,
    11.180352210998535,
    11.245965957641602,
    11.328933715820312,
    11.394295692443848,
    11.464595794677734,
    11.54051685333252,
    11.60429859161377,
    11.678056716918945,
    11.737960815429688,
    11.826065063476562,
    11.884428024291992,
    11.94990062713623,
    12.010420799255371,
    12.088714599609375,
    12.13498592376709,
    12.209426879882812,
    12.253519058227539,
    12.324028015136719,
    12.344664573669434,
    12.43200397491455,
    12.457233428955078,
    12.516586303710938,
    12.583564758300781,
    12.624202728271484,
    12.668169021606445,
    12.66161060333252,
    12.769186019897461,
    12.835147857666016,
    12.844939231872559,
    12.930120468139648,
    12.926549911499023,
    12.948761940002441,
    12.986488342285156,
    13.082101821899414,
    13.088489532470703,
    13.128985404968262,
    13.187464714050293,
    13.230133056640625,
    13.252266883850098,
    13.304213523864746,
    13.3314208984375,
    13.348215103149414,
    13.382375717163086,
    13.433932304382324,
    13.43468189239502,
    13.49696159362793,
    13.52037239074707,
    13.54658317565918,
    13.575172424316406,
    13.621578216552734,
    13.637451171875,
    13.615182876586914,
    13.655729293823242,
    13.685770034790039,
    13.726616859436035,
    13.764942169189453,
    13.835956573486328,
    13.831499099731445,
    13.855545043945312,
    13.859737396240234,
    13.885193824768066,
    13.914493560791016,
    13.933014869689941,
    13.928069114685059,
    13.983908653259277,
    14.035128593444824,
    13.968086242675781,
    14.038997650146484,
    14.059442520141602,
    14.030450820922852,
    14.119552612304688,
    14.139314651489258,
    14.146956443786621,
    14.186654090881348,
    14.192156791687012,
    14.153362274169922,
    14.188246726989746,
    14.204130172729492
  ],
  "val_psnr": [
    9.339923858642578,
    9.451972007751465,
    9.545866012573242,
    9.634389877319336,
    9.716996192932129,
    9.801389694213867,
    9.88071346282959,
    9.962732315063477,
    10.035252571105957,
    10.124044418334961,
    10.208178520202637,
    10.281829833984375,
    10.363691329956055,
    10.443609237670898,
    10.525870323181152,
    10.603670120239258,
    10.682507514953613,
    10.755171775817871,
    10.825359344482422,
    10.90812873840332,
    10.97962474822998,
    11.053125381469727,
    11.117411613464355,
    11.190333366394043,
    11.274014472961426,
    11.341065406799316,
    11.410981178283691,
    11.48088550567627,
    11.54572582244873,
    11.622238159179688,
    11.681161880493164,
    11.768777847290039,
    11.82834529876709,
    11.893770217895508,
    11.946555137634277,
    12.030190467834473,
    12.072076797485352,
    12.134666442871094,
    12.204917907714844,
    12.25527286529541,
    12.31162166595459,
    12.36935806274414,
    12.394471168518066,
    12.462446212768555,
    12.516834259033203,
    12.568037033081055,
    12.614389419555664,
    12.612041473388672,
    12.720995903015137,
    12.775394439697266,
    12.800844192504883,
    12.872824668884277,
    12.866353034973145,
    12.938719749450684,
    12.96792221069336,
    13.020062446594238,
    13.044099807739258,
    13.100642204284668,
    13.130592346191406,
    13.194108963012695,
    13.238362312316895,
    13.257708549499512,
    13.290205001831055,
    13.298189163208008,
    13.358072280883789,
    13.402291297912598,
    13.417287826538086,
    13.46155071258545,
    13.511737823486328,
    13.504220962524414,
    13.575267791748047,
    13.607264518737793,
    13.641873359680176,
    13.639802932739258,
    13.630559921264648,
    13.698902130126953,
    13.745559692382812,
    13.763437271118164,
    13.797439575195312,
    13.817330360412598,
    13.85000991821289,
    13.881784439086914,
    13.891129493713379,
    13.908291816711426,
    13.943375587463379,
    13.943973541259766,
    13.986618041992188,
    14.011698722839355,
    14.00340461730957,
    14.03499698638916,
    14.093130111694336,
    14.008888244628906,
    14.140541076660156,
    14.131805419921875,
    14.161733627319336,
    14.18002986907959,
    14.181234359741211,
    14.155054092407227,
    14.202136993408203,
    14.234272003173828
  ],
  "config": {
    "image": "hammock",
    "L": 4,
    "W": 512,
    "seed": 0,
    "iters": 2000,
    "batch_size": 10000,
    "lr": 0.001
  },
  "H": 908,
  "W": 1210
}