{
  "iters": [
    20,
    40,
    60,
    80,
    100,
    120,
    140,
    160,
    180,
    200,
    220,
    240,
    260,
    280,
    300,
    320,
    340,
    360,
    380,
    400,
    420,
    440,
    460,
    480,
    500,
    520,
    540,
    560,
    580,
    600,
    620,
    640,
    660,
    680,
    700,
    720,
    740,
    760,
    780,
    800,
    820,
    840,
    860,
    880,
    900,
    920,
    940,
    960,
    980,
    1000,
    1020,
    1040,
    1060,
    1080,
    1100,
    1120,
    1140,
    1160,
    1180,
    1200,
    1220,
    1240,
    1260,
    1280,
    1300,
    1320,
    1340,
    1360,
    1380,
    1400,
    1420,
    1440,
    1460,
    1480,
    1500,
    1520,
    1540,
    1560,
    1580,
    1600,
    1620,
    1640,
    1660,
    1680,
    1700,
    1720,
    1740,
    1760,
    1780,
    1800,
    1820,
    1840,
    1860,
    1880,
    1900,
    1920,
    1940,
    1960,
    1980,
    2000
  ],
  "train_psnr": [
    11.06669807434082,
    11.374913215637207,
    11.609883308410645,
    11.843994140625,
    12.088428497314453,
    12.344494819641113,
    12.621431350708008,
    12.949728965759277,
    13.293360710144043,
    13.684993743896484,
    14.018259048461914,
    14.467939376831055,
    14.900287628173828,
    15.334064483642578,
    15.756559371948242,
    16.21197509765625,
    16.567794799804688,
    17.059062957763672,
    17.4699764251709,
    17.89160919189453,
    18.19931411743164,
    18.523666381835938,
    18.76898193359375,
    18.943532943725586,
    19.25862693786621,
    19.472694396972656,
    19.757823944091797,
    20.0127010345459,
    20.27143096923828,
    20.570585250854492,
    21.006206512451172,
    21.191654205322266,
    21.48162078857422,
    21.578231811523438,
    21.55278778076172,
    21.886167526245117,
    21.912763595581055,
    21.89481544494629,
    22.186243057250977,
    22.356311798095703,
    22.524463653564453,
    22.55126953125,
    22.36438751220703,
    22.649791717529297,
    22.806034088134766,
    22.754024505615234,
    22.898193359375,
    22.7495174407959,
    22.769214630126953,
    22.965885162353516,
    22.83046531677246,
    22.959177017211914,
    23.07499885559082,
    22.916847229003906,
    22.919906616210938,
    23.128929138183594,
    22.539573669433594,
    23.129732131958008,
    23.134920120239258,
    23.06720542907715,
    23.2418212890625,
    23.22799301147461,
    23.08131217956543,
    23.24652862548828,
    23.214366912841797,
    23.235902786254883,
    23.363332748413086,
    23.260025024414062,
    23.319246292114258,
    22.80971336364746,
    23.316925048828125,
    23.402118682861328,
    23.005435943603516,
    23.336999893188477,
    23.37456703186035,
    23.337928771972656,
    23.465850830078125,
    23.44684410095215,
    23.32738494873047,
    23.555526733398438,
    23.356990814208984,
    23.495838165283203,
    23.32240104675293,
    23.573352813720703,
    23.547372817993164,
    23.519193649291992,
    23.351848602294922,
    23.594364166259766,
    23.542572021484375,
    23.559494018554688,
    23.56342124938965,
    23.539264678955078,
    23.621320724487305,
    23.59754180908203,
    23.645824432373047,
    23.647701263427734,
    23.455768585205078,
    23.63957405090332,
    23.555803298950195,
    23.603275299072266
  ],
  "val_psnr": [
    11.063233375549316,
    11.370512008666992,
    11.608434677124023,
    11.83504867553711,
    12.066173553466797,
    12.306695938110352,
    12.573681831359863,
    12.883600234985352,
    13.220052719116211,
    13.596287727355957,
    13.951922416687012,
    14.410940170288086,
    14.83970832824707,
    15.259222984313965,
    15.67785358428955,
    16.12188148498535,
    16.524272918701172,
    16.976150512695312,
    17.413883209228516,
    17.8560848236084,
    18.1550235748291,
    18.50286293029785,
    18.802656173706055,
    18.953876495361328,
    19.21319007873535,
    19.418537139892578,
    19.767963409423828,
    20.0019474029541,
    20.32697868347168,
    20.545669555664062,
    21.008779525756836,
    21.197540283203125,
    21.46510124206543,
    21.616920471191406,
    21.66082763671875,
    21.961156845092773,
    21.932477951049805,
    21.995222091674805,
    22.23365592956543,
    22.42303466796875,
    22.609024047851562,
    22.63941192626953,
    22.503162384033203,
    22.764583587646484,
    22.921236038208008,
    22.913949966430664,
    23.01917266845703,
    22.803972244262695,
    22.87242889404297,
    23.136173248291016,
    22.990802764892578,
    23.10639190673828,
    23.26633071899414,
    23.176576614379883,
    23.09571075439453,
    23.261737823486328,
    22.626522064208984,
    23.311458587646484,
    23.334768295288086,
    23.30711555480957,
    23.466018676757812,
    23.470169067382812,
    23.2523193359375,
    23.44594955444336,
    23.463367462158203,
    23.477737426757812,
    23.53447151184082,
    23.50550079345703,
    23.526411056518555,
    23.019445419311523,
    23.435266494750977,
    23.657596588134766,
    23.220935821533203,
    23.547117233276367,
    23.62407684326172,
    23.576519012451172,
    23.72311019897461,
    23.68645477294922,
    23.566007614135742,
    23.7551326751709,
    23.58300018310547,
    23.74666976928711,
    23.59195899963379,
    23.769363403320312,
    23.744524002075195,
    23.76913833618164,
    23.54856300354004,
    23.79574966430664,
    23.77375030517578,
    23.847503662109375,
    23.76992416381836,
    23.817962646484375,
    23.812957763671875,
    23.799022674560547,
    23.849998474121094,
    23.882740020751953,
    23.776138305664062,
    23.908445358276367,
    23.83648109436035,
    23.87335777282715
  ],
  "config": {
    "image": "fox",
    "L": 4,
    "W": 512,
    "seed": 0,
    "iters": 2000,
    "batch_size": 10000,
    "lr": 0.001
  },
  "H": 689,
  "W": 1024
}