{
  "board_spec": {
    "rows": 3,
    "cols": 2,
    "tag_size_mm": 60.0,
    "dx_mm": 90.0,
    "dy_mm": 75.67
  },
  "image_size_wh": [
    400,
    300
  ],
  "K": [
    [
      293.19441159806365,
      0.0,
      216.26038124980408
    ],
    [
      0.0,
      288.05386608405666,
      156.9945942178959
    ],
    [
      0.0,
      0.0,
      1.0
    ]
  ],
  "dist": [
    [
      0.07525959649652922,
      -0.9125128971720127,
      0.011286808629592294,
      0.03771821133894645,
      1.1489255490519
    ]
  ],
  "rms": 0.8101271999614309,
  "per_image_err": [
    0.644163191318512,
    0.5187084078788757,
    0.6768314242362976,
    0.7809226512908936,
    0.5949869155883789,
    0.6521067023277283,
    0.5090216994285583,
    0.6494993567466736,
    0.8357636332511902,
    0.6618465781211853,
    0.5699179768562317,
    0.8884854316711426,
    0.6223719716072083,
    0.6559621095657349,
    0.5813243985176086,
    0.6307752728462219,
    0.6930641531944275,
    0.5980435013771057,
    0.7378000617027283,
    0.7702440619468689,
    0.5952147841453552,
    0.9800262451171875,
    0.9020563960075378,
    0.7888498902320862,
    0.749657154083252,
    1.2911572456359863,
    0.8256304860115051,
    0.8835320472717285,
    0.8056022524833679,
    0.8088997006416321,
    0.8284390568733215,
    0.8357680439949036,
    0.6921809315681458,
    0.6404168009757996,
    0.5946152210235596,
    0.5702916979789734,
    0.6123390197753906,
    0.7620766758918762,
    0.7478839755058289,
    0.812465250492096,
    0.7439970970153809,
    0.5406196713447571
  ],
  "used_images": [
    "IMG_6117.jpg",
    "IMG_6118.jpg",
    "IMG_6119.jpg",
    "IMG_6120.jpg",
    "IMG_6121.jpg",
    "IMG_6122.jpg",
    "IMG_6123.jpg",
    "IMG_6124.jpg",
    "IMG_6125.jpg",
    "IMG_6126.jpg",
    "IMG_6127.jpg",
    "IMG_6128.jpg",
    "IMG_6129.jpg",
    "IMG_6130.jpg",
    "IMG_6131.jpg",
    "IMG_6132.jpg",
    "IMG_6133.jpg",
    "IMG_6134.jpg",
    "IMG_6135.jpg",
    "IMG_6136.jpg",
    "IMG_6137.jpg",
    "IMG_6138.jpg",
    "IMG_6139.jpg",
    "IMG_6140.jpg",
    "IMG_6141.jpg",
    "IMG_6142.jpg",
    "IMG_6143.jpg",
    "IMG_6144.jpg",
    "IMG_6145.jpg",
    "IMG_6146.jpg",
    "IMG_6147.jpg",
    "IMG_6148.jpg",
    "IMG_6149.jpg",
    "IMG_6150.jpg",
    "IMG_6151.jpg",
    "IMG_6152.jpg",
    "IMG_6153.jpg",
    "IMG_6154.jpg",
    "IMG_6155.jpg",
    "IMG_6156.jpg",
    "IMG_6157.jpg",
    "IMG_6158.jpg"
  ],
  "rvecs": [
    [
      [
        -0.888903838972974
      ],
      [
        -0.29103580780067917
      ],
      [
        0.5294116869946085
      ]
    ],
    [
      [
        -0.5979254019458515
      ],
      [
        -0.5458607444543006
      ],
      [
        0.42374494036551297
      ]
    ],
    [
      [
        -0.429003721738663
      ],
      [
        -0.6833789453535567
      ],
      [
        -0.47080373711918094
      ]
    ],
    [
      [
        -0.19665438501079607
      ],
      [
        -0.7243148333931707
      ],
      [
        -0.9980299773743477
      ]
    ],
    [
      [
        -0.12107161618935348
      ],
      [
        -0.6553229330328518
      ],
      [
        -1.1752921952759787
      ]
    ],
    [
      [
        -0.2537598289488922
      ],
      [
        -0.814517421999187
      ],
      [
        -2.1123000003440935
      ]
    ],
    [
      [
        -0.32363355781147884
      ],
      [
        -0.7040709770425616
      ],
      [
        -2.702179928856441
      ]
    ],
    [
      [
        0.06455289922310128
      ],
      [
        0.6146808634949554
      ],
      [
        2.750432382052377
      ]
    ],
    [
      [
        -0.662331030633727
      ],
      [
        0.8079649411686426
      ],
      [
        2.1840115212558078
      ]
    ],
    [
      [
        -0.7841073986042016
      ],
      [
        0.5183760278194708
      ],
      [
        1.8903787432370185
      ]
    ],
    [
      [
        -0.5505190272857428
      ],
      [
        0.3928614587326144
      ],
      [
        1.2246828528211218
      ]
    ],
    [
      [
        -0.5345337388786887
      ],
      [
        0.16651001550021594
      ],
      [
        0.8725338529440505
      ]
    ],
    [
      [
        -0.5472588067767266
      ],
      [
        0.13842786993204476
      ],
      [
        0.8211511853719294
      ]
    ],
    [
      [
        -0.49709093806975785
      ],
      [
        0.12673426220757641
      ],
      [
        -0.2812303299473116
      ]
    ],
    [
      [
        -0.46569734815514313
      ],
      [
        0.061351176479550046
      ],
      [
        0.20137670229434848
      ]
    ],
    [
      [
        -0.4034561045619886
      ],
      [
        -0.22770585752881953
      ],
      [
        -0.38247180664019825
      ]
    ],
    [
      [
        -0.22235784005419143
      ],
      [
        -0.4973823847685587
      ],
      [
        -0.9116670445880652
      ]
    ],
    [
      [
        -0.07441569942286987
      ],
      [
        -0.5781237989789348
      ],
      [
        -1.7197908109960496
      ]
    ],
    [
      [
        0.03576554681492268
      ],
      [
        -0.7144174693315257
      ],
      [
        -2.2445315546337574
      ]
    ],
    [
      [
        0.029358827888302633
      ],
      [
        -0.47879633293073925
      ],
      [
        -2.1431519016100595
      ]
    ],
    [
      [
        -0.2128765762009837
      ],
      [
        -0.503099180243716
      ],
      [
        -2.0325008609416044
      ]
    ],
    [
      [
        -0.49579856658454047
      ],
      [
        -0.7131273455659687
      ],
      [
        -0.4764333024705828
      ]
    ],
    [
      [
        -0.597159367918668
      ],
      [
        -0.6584291432508578
      ],
      [
        0.9271782287666677
      ]
    ],
    [
      [
        -0.9418335557101463
      ],
      [
        0.10504677598389077
      ],
      [
        1.2829431672561942
      ]
    ],
    [
      [
        -0.8254588247859227
      ],
      [
        0.35813367219749737
      ],
      [
        1.5614126818815663
      ]
    ],
    [
      [
        -0.602719959183083
      ],
      [
        0.6015476445178993
      ],
      [
        2.0441814599893235
      ]
    ],
    [
      [
        -0.5221609949490047
      ],
      [
        0.6379187492950913
      ],
      [
        2.2362524047715002
      ]
    ],
    [
      [
        -0.6458223289101084
      ],
      [
        -0.3442508001570077
      ],
      [
        1.7470043991692303
      ]
    ],
    [
      [
        -0.6194973871344814
      ],
      [
        -0.2741820706830369
      ],
      [
        1.4057949428516523
      ]
    ],
    [
      [
        -0.6207615529049603
      ],
      [
        0.023197477749458302
      ],
      [
        0.09685281385549135
      ]
    ],
    [
      [
        -0.5344344591525461
      ],
      [
        -0.5008027024996649
      ],
      [
        -1.2124391226417455
      ]
    ],
    [
      [
        -0.7013790077733465
      ],
      [
        -0.6402353337754069
      ],
      [
        -1.3778886466439735
      ]
    ],
    [
      [
        -0.5106907879076968
      ],
      [
        -0.354833307980193
      ],
      [
        -1.4516625017657274
      ]
    ],
    [
      [
        -0.40384854477338306
      ],
      [
        0.16053270820750387
      ],
      [
        -1.4629631985705047
      ]
    ],
    [
      [
        0.3245877684368818
      ],
      [
        -0.8024291667487821
      ],
      [
        -1.4158871137885718
      ]
    ],
    [
      [
        0.019786182536127742
      ],
      [
        -0.41941631391455003
      ],
      [
        -1.5796986147382823
      ]
    ],
    [
      [
        -0.2318921014192419
      ],
      [
        -0.21656764104973894
      ],
      [
        -1.8010800331298575
      ]
    ],
    [
      [
        -0.411298792970755
      ],
      [
        -0.6684382472133774
      ],
      [
