{
  "iters": [
    20,
    40,
    60,
    80,
    100
  ],
  "train_psnr": [
    10.338287353515625,
    10.6563081741333,
    11.292866706848145,
    12.522729873657227,
    14.430870056152344
  ],
  "val_psnr": [
    10.32763671875,
    10.63922119140625,
    11.260078430175781,
    12.483993530273438,
    14.399662971496582
  ],
  "config": {
    "image": "fox",
    "L": 10,
    "W": 128,
    "seed": 0,
    "iters": 100,
    "batch_size": 10000,
    "lr": 0.001
  },
  "H": 689,
  "W": 1024
}