{
  "iters": [
    20,
    40,
    60,
    80,
    100,
    120,
    140,
    160,
    180,
    200,
    220,
    240,
    260,
    280,
    300,
    320,
    340,
    360,
    380,
    400,
    420,
    440,
    460,
    480,
    500,
    520,
    540,
    560,
    580,
    600,
    620,
    640,
    660,
    680,
    700,
    720,
    740,
    760,
    780,
    800,
    820,
    840,
    860,
    880,
    900,
    920,
    940,
    960,
    980,
    1000,
    1020,
    1040,
    1060,
    1080,
    1100,
    1120,
    1140,
    1160,
    1180,
    1200,
    1220,
    1240,
    1260,
    1280,
    1300,
    1320,
    1340,
    1360,
    1380,
    1400,
    1420,
    1440,
    1460,
    1480,
    1500,
    1520,
    1540,
    1560,
    1580,
    1600,
    1620,
    1640,
    1660,
    1680,
    1700,
    1720,
    1740,
    1760,
    1780,
    1800,
    1820,
    1840,
    1860,
    1880,
    1900,
    1920,
    1940,
    1960,
    1980,
    2000
  ],
  "train_psnr": [
    8.819351196289062,
    9.489856719970703,
    10.134712219238281,
    10.784955024719238,
    11.480865478515625,
    12.247215270996094,
    13.336259841918945,
    14.4398832321167,
    15.270992279052734,
    15.869880676269531,
    16.387073516845703,
    16.86170196533203,
    17.301612854003906,
    17.675334930419922,
    18.028095245361328,
    18.35665512084961,
    18.66019058227539,
    18.944095611572266,
    19.228700637817383,
    19.559946060180664,
    19.89702796936035,
    20.272672653198242,
    20.725902557373047,
    21.159095764160156,
    21.57842445373535,
    21.89593505859375,
    22.108766555786133,
    22.314754486083984,
    22.50566291809082,
    22.625741958618164,
    22.800233840942383,
    22.926549911499023,
    22.995586395263672,
    23.07982635498047,
    23.193477630615234,
    23.249948501586914,
    23.370338439941406,
    23.45343017578125,
    23.48404312133789,
    23.508922576904297,
    23.58987045288086,
    23.580427169799805,
    23.6749267578125,
    23.621936798095703,
    23.72600746154785,
    23.77490997314453,
    23.768957138061523,
    23.824377059936523,
    23.890029907226562,
    23.84914779663086,
    23.85637664794922,
    23.905033111572266,
    23.941593170166016,
    23.939693450927734,
    23.96767807006836,
    23.98200225830078,
    24.031038284301758,
    24.03547477722168,
    24.071500778198242,
    24.10103988647461,
    24.03150749206543,
    24.12339973449707,
    24.174095153808594,
    24.126426696777344,
    24.13875961303711,
    24.143178939819336,
    24.225969314575195,
    24.200992584228516,
    24.26642608642578,
    24.191028594970703,
    24.180879592895508,
    24.1878719329834,
    24.25104522705078,
    24.225749969482422,
    24.26309585571289,
    24.284971237182617,
    24.290630340576172,
    24.282732009887695,
    24.264888763427734,
    24.323789596557617,
    24.372371673583984,
    24.337116241455078,
    24.31197166442871,
    24.37274742126465,
    24.365102767944336,
    24.353641510009766,
    24.302921295166016,
    24.44056510925293,
    24.381942749023438,
    24.429052352905273,
    24.417346954345703,
    24.4564151763916,
    24.424442291259766,
    24.461223602294922,
    24.497034072875977,
    24.47227668762207,
    24.41702651977539,
    24.38919448852539,
    24.50975799560547,
    24.40357208251953
  ],
  "val_psnr": [
    8.798653602600098,
    9.464065551757812,
    10.10429859161377,
    10.758499145507812,
    11.457925796508789,
    12.233865737915039,
    13.340999603271484,
    14.470081329345703,
    15.343770027160645,
    15.949301719665527,
    16.453330993652344,
    16.909847259521484,
    17.33461570739746,
    17.714168548583984,
    18.059309005737305,
    18.377859115600586,
    18.68627166748047,
    18.972332000732422,
    19.27136993408203,
    19.578882217407227,
    19.914459228515625,
    20.29279899597168,
    20.752145767211914,
    21.251941680908203,
    21.652441024780273,
    21.96333885192871,
    22.19261360168457,
    22.375944137573242,
    22.59008026123047,
    22.752296447753906,
    22.914438247680664,
    23.041797637939453,
    23.13275909423828,
    23.243881225585938,
    23.34623146057129,
    23.41812515258789,
    23.514659881591797,
    23.590774536132812,
    23.657573699951172,
    23.720138549804688,
    23.77972412109375,
    23.750335693359375,
    23.874465942382812,
    23.846771240234375,
    23.94305992126465,
    24.0015811920166,
    23.980863571166992,
    24.032474517822266,
    24.08991050720215,
    24.09602928161621,
    24.09915542602539,
    24.14035987854004,
    24.13924789428711,
    24.174072265625,
    24.184492111206055,
    24.24588394165039,
    24.23208236694336,
    24.257911682128906,
    24.276411056518555,
    24.30968475341797,
    24.321640014648438,
    24.352807998657227,
    24.35287094116211,
    24.339111328125,
    24.38896942138672,
    24.409988403320312,
    24.399124145507812,
    24.43039894104004,
    24.435504913330078,
    24.412811279296875,
    24.421310424804688,
    24.4249267578125,
    24.478662490844727,
    24.4510555267334,
    24.491485595703125,
    24.507343292236328,
    24.494810104370117,
    24.52963638305664,
    24.506099700927734,
    24.54109001159668,
    24.582326889038086,
    24.583057403564453,
    24.548852920532227,
    24.599143981933594,
    24.580482482910156,
    24.58047103881836,
    24.547420501708984,
    24.644987106323242,
    24.63650894165039,
    24.63498878479004,
    24.673969268798828,
    24.691009521484375,
    24.62999153137207,
    24.680082321166992,
    24.708820343017578,
    24.70502471923828,
    24.67205238342285,
    24.62993812561035,
    24.705791473388672,
    24.637474060058594
  ],
  "config": {
    "image": "fox",
    "L": 10,
    "W": 128,
    "seed": 0,
    "iters": 2000,
    "batch_size": 10000,
    "lr": 0.001
  },
  "H": 689,
  "W": 1024
}