{
  "iters": [
    20,
    40,
    60,
    80,
    100
  ],
  "train_psnr": [
    9.695144653320312,
    9.840925216674805,
    9.99382495880127,
    10.17874813079834,
    10.41661262512207
  ],
  "val_psnr": [
    9.676910400390625,
    9.823132514953613,
    9.973758697509766,
    10.155435562133789,
    10.377182960510254
  ],
  "config": {
    "image": "fox",
    "L": 10,
    "W": 512,
    "seed": 0,
    "iters": 100,
    "batch_size": 10000,
    "lr": 0.001
  },
  "H": 689,
  "W": 1024
}